-- MySQL dump 10.13  Distrib 5.1.41, for debian-linux-gnu (x86_64)
--
-- Host: localhost    Database: erplive
-- ------------------------------------------------------
-- Server version	5.1.41-1.dotdeb.1

/*!40101 SET @OLD_CHARACTER_SET_CLIENT=@@CHARACTER_SET_CLIENT */;
/*!40101 SET @OLD_CHARACTER_SET_RESULTS=@@CHARACTER_SET_RESULTS */;
/*!40101 SET @OLD_COLLATION_CONNECTION=@@COLLATION_CONNECTION */;
/*!40101 SET NAMES utf8 */;
/*!40103 SET @OLD_TIME_ZONE=@@TIME_ZONE */;
/*!40103 SET TIME_ZONE='+00:00' */;
/*!40014 SET @OLD_UNIQUE_CHECKS=@@UNIQUE_CHECKS, UNIQUE_CHECKS=0 */;
/*!40014 SET @OLD_FOREIGN_KEY_CHECKS=@@FOREIGN_KEY_CHECKS, FOREIGN_KEY_CHECKS=0 */;
/*!40101 SET @OLD_SQL_MODE=@@SQL_MODE, SQL_MODE='NO_AUTO_VALUE_ON_ZERO' */;
/*!40111 SET @OLD_SQL_NOTES=@@SQL_NOTES, SQL_NOTES=0 */;

--
-- Table structure for table `accountgroups`
--

DROP TABLE IF EXISTS `accountgroups`;
/*!40101 SET @saved_cs_client     = @@character_set_client */;
/*!40101 SET character_set_client = utf8 */;
CREATE TABLE `accountgroups` (
  `groupname` char(30) NOT NULL DEFAULT '',
  `sectioninaccounts` int(11) NOT NULL DEFAULT '0',
  `pandl` tinyint(4) NOT NULL DEFAULT '1',
  `sequenceintb` smallint(6) NOT NULL DEFAULT '0',
  `parentgroupname` varchar(30) NOT NULL,
  PRIMARY KEY (`groupname`),
  KEY `SequenceInTB` (`sequenceintb`),
  KEY `sectioninaccounts` (`sectioninaccounts`),
  KEY `parentgroupname` (`parentgroupname`),
  CONSTRAINT `accountgroups_ibfk_1` FOREIGN KEY (`sectioninaccounts`) REFERENCES `accountsection` (`sectionid`)
) ENGINE=InnoDB DEFAULT CHARSET=utf8;
/*!40101 SET character_set_client = @saved_cs_client */;

--
-- Dumping data for table `accountgroups`
--

LOCK TABLES `accountgroups` WRITE;
/*!40000 ALTER TABLE `accountgroups` DISABLE KEYS */;
INSERT INTO `accountgroups` VALUES ('Administrative Costs',50,1,110,''),('Bank accounts',10,0,40,''),('Current assets',10,0,20,''),('Current Liabilities',20,0,60,''),('Direct Costs',50,1,100,''),('Employee Costs',50,1,120,''),('Equity',30,0,80,''),('Finance costs',50,1,140,''),('Non-current assets',10,0,10,''),('Non-current Liabilities',20,0,70,''),('Operational Expenses',50,1,130,''),('Receivables and prepayments',10,0,30,''),('Revenue',40,1,90,''),('Sales',40,1,90,''),('Taxation',20,0,50,'');
/*!40000 ALTER TABLE `accountgroups` ENABLE KEYS */;
UNLOCK TABLES;

--
-- Table structure for table `accountsection`
--

DROP TABLE IF EXISTS `accountsection`;
/*!40101 SET @saved_cs_client     = @@character_set_client */;
/*!40101 SET character_set_client = utf8 */;
CREATE TABLE `accountsection` (
  `sectionid` int(11) NOT NULL DEFAULT '0',
  `sectionname` mediumtext NOT NULL,
  PRIMARY KEY (`sectionid`)
) ENGINE=InnoDB DEFAULT CHARSET=utf8;
/*!40101 SET character_set_client = @saved_cs_client */;

--
-- Dumping data for table `accountsection`
--

LOCK TABLES `accountsection` WRITE;
/*!40000 ALTER TABLE `accountsection` DISABLE KEYS */;
INSERT INTO `accountsection` VALUES (10,'Assets'),(20,'Liabilities'),(30,'Equity'),(40,'Income'),(50,'Expenditure');
/*!40000 ALTER TABLE `accountsection` ENABLE KEYS */;
UNLOCK TABLES;

--
-- Table structure for table `areas`
--

DROP TABLE IF EXISTS `areas`;
/*!40101 SET @saved_cs_client     = @@character_set_client */;
/*!40101 SET character_set_client = utf8 */;
CREATE TABLE `areas` (
  `areacode` char(3) NOT NULL,
  `areadescription` varchar(25) NOT NULL DEFAULT '',
  PRIMARY KEY (`areacode`)
) ENGINE=InnoDB DEFAULT CHARSET=utf8;
/*!40101 SET character_set_client = @saved_cs_client */;

--
-- Dumping data for table `areas`
--

LOCK TABLES `areas` WRITE;
/*!40000 ALTER TABLE `areas` DISABLE KEYS */;
INSERT INTO `areas` VALUES ('MO','Kampala');
/*!40000 ALTER TABLE `areas` ENABLE KEYS */;
UNLOCK TABLES;

--
-- Table structure for table `audittrail`
--

DROP TABLE IF EXISTS `audittrail`;
/*!40101 SET @saved_cs_client     = @@character_set_client */;
/*!40101 SET character_set_client = utf8 */;
CREATE TABLE `audittrail` (
  `transactiondate` datetime NOT NULL DEFAULT '0000-00-00 00:00:00',
  `userid` varchar(20) NOT NULL DEFAULT '',
  `querystring` mediumtext,
  KEY `UserID` (`userid`),
  CONSTRAINT `audittrail_ibfk_1` FOREIGN KEY (`userid`) REFERENCES `www_users` (`userid`)
) ENGINE=InnoDB DEFAULT CHARSET=utf8;
/*!40101 SET character_set_client = @saved_cs_client */;

--
-- Dumping data for table `audittrail`
--

LOCK TABLES `audittrail` WRITE;
/*!40000 ALTER TABLE `audittrail` DISABLE KEYS */;
INSERT INTO `audittrail` VALUES ('2012-02-10 17:19:01','admin','DELETE FROM locstock WHERE loccode =\'CP\''),('2012-02-10 17:19:19','admin','DELETE FROM locstock WHERE loccode =\'CP\''),('2012-02-10 17:20:07','admin','DELETE FROM locstock WHERE loccode =\'UY\''),('2012-02-10 17:20:07','admin','DELETE FROM locations WHERE loccode=\'UY\''),('2012-02-10 17:20:15','admin','DELETE FROM locstock WHERE loccode =\'RS\''),('2012-02-10 17:20:15','admin','DELETE FROM locations WHERE loccode=\'RS\''),('2012-02-10 17:20:19','admin','DELETE FROM locstock WHERE loccode =\'OS\''),('2012-02-10 17:20:19','admin','DELETE FROM locations WHERE loccode=\'OS\''),('2012-02-10 17:20:23','admin','DELETE FROM locstock WHERE loccode =\'PIP\''),('2012-02-10 17:20:23','admin','DELETE FROM locations WHERE loccode=\'PIP\''),('2012-02-10 17:20:26','admin','DELETE FROM locstock WHERE loccode =\'OR\''),('2012-02-10 17:20:27','admin','DELETE FROM locations WHERE loccode=\'OR\''),('2012-02-10 17:20:31','admin','DELETE FROM locstock WHERE loccode =\'PO\''),('2012-02-10 17:20:31','admin','DELETE FROM locations WHERE loccode=\'PO\''),('2012-02-10 17:20:34','admin','DELETE FROM locstock WHERE loccode =\'PR\''),('2012-02-10 17:20:34','admin','DELETE FROM locations WHERE loccode=\'PR\''),('2012-02-10 17:20:37','admin','DELETE FROM locstock WHERE loccode =\'PT\''),('2012-02-10 17:20:37','admin','DELETE FROM locations WHERE loccode=\'PT\''),('2012-02-10 17:20:44','admin','DELETE FROM locstock WHERE loccode =\'OO\''),('2012-02-10 17:20:44','admin','DELETE FROM locations WHERE loccode=\'OO\''),('2012-02-10 17:20:46','admin','DELETE FROM locstock WHERE loccode =\'OT\''),('2012-02-10 17:20:46','admin','DELETE FROM locations WHERE loccode=\'OT\''),('2012-02-10 17:20:50','admin','DELETE FROM locstock WHERE loccode =\'MW\''),('2012-02-10 17:20:50','admin','DELETE FROM locations WHERE loccode=\'MW\''),('2012-02-10 17:21:22','admin','UPDATE www_users SET realname=\'Admin user\',\n						customerid=\'\',\n						phone=\'\',\n						email=\'\',\n						\n						branchcode=\'\',\n						supplierid=\'\',\n						salesman=\'\',\n						pagesize=\'A4\',\n						fullaccess=\'8\',\n						cancreatetender=\'0\',\n						theme=\'silverwolf\',\n						language =\'en_GB.utf8\',\n						defaultlocation=\'MS\',\n						defaulttag=\'KCMC\',\n						modulesallowed=\'1,1,1,1,1,1,1,1,1,1,\',\n						blocked=\'0\',\n						pdflanguage=\'0\'\n					WHERE userid = \'admin\''),('2012-02-10 17:21:35','admin','DELETE FROM locstock WHERE loccode =\'CP\''),('2012-02-10 17:22:30','admin','DELETE FROM locstock WHERE loccode =\'CA\''),('2012-02-10 17:22:30','admin','DELETE FROM locations WHERE loccode=\'CA\''),('2012-02-10 17:22:32','admin','DELETE FROM locstock WHERE loccode =\'BL\''),('2012-02-10 17:22:32','admin','DELETE FROM locations WHERE loccode=\'BL\''),('2012-02-10 17:22:34','admin','DELETE FROM locstock WHERE loccode =\'AT\''),('2012-02-10 17:23:07','admin','DELETE FROM locstock WHERE loccode =\'CS\''),('2012-02-10 17:23:07','admin','DELETE FROM locations WHERE loccode=\'CS\''),('2012-02-10 17:23:10','admin','DELETE FROM locstock WHERE loccode =\'ES\''),('2012-02-10 17:23:10','admin','DELETE FROM locations WHERE loccode=\'ES\''),('2012-02-10 17:23:14','admin','DELETE FROM locstock WHERE loccode =\'GP\''),('2012-02-10 17:23:15','admin','DELETE FROM locations WHERE loccode=\'GP\''),('2012-02-10 17:23:59','admin','DELETE FROM locstock WHERE loccode =\'DE\''),('2012-02-10 17:23:59','admin','DELETE FROM locations WHERE loccode=\'DE\''),('2012-02-10 17:24:01','admin','DELETE FROM locstock WHERE loccode =\'ET\''),('2012-02-10 17:24:02','admin','DELETE FROM locations WHERE loccode=\'ET\''),('2012-02-10 17:24:03','admin','DELETE FROM locstock WHERE loccode =\'EU\''),('2012-02-10 17:24:03','admin','DELETE FROM locations WHERE loccode=\'EU\''),('2012-02-10 17:24:05','admin','DELETE FROM locstock WHERE loccode =\'EW\''),('2012-02-10 17:24:05','admin','DELETE FROM locations WHERE loccode=\'EW\''),('2012-02-10 17:24:10','admin','DELETE FROM locstock WHERE loccode =\'LS\''),('2012-02-10 17:24:10','admin','DELETE FROM locations WHERE loccode=\'LS\''),('2012-02-10 17:24:13','admin','DELETE FROM locstock WHERE loccode =\'LW\''),('2012-02-10 17:24:13','admin','DELETE FROM locations WHERE loccode=\'LW\''),('2012-02-10 17:24:15','admin','DELETE FROM locstock WHERE loccode =\'MIP\''),('2012-02-10 17:24:15','admin','DELETE FROM locations WHERE loccode=\'MIP\''),('2012-02-10 17:24:17','admin','DELETE FROM locstock WHERE loccode =\'MO\''),('2012-02-10 17:24:17','admin','DELETE FROM locations WHERE loccode=\'MO\''),('2012-02-10 17:24:22','admin','DELETE FROM locstock WHERE loccode =\'MT\''),('2012-02-10 17:24:22','admin','DELETE FROM locations WHERE loccode=\'MT\''),('2012-02-10 17:24:24','admin','DELETE FROM locstock WHERE loccode =\'SO\''),('2012-02-10 17:24:24','admin','DELETE FROM locations WHERE loccode=\'SO\''),('2012-02-10 17:24:27','admin','DELETE FROM locstock WHERE loccode =\'UT\''),('2012-02-10 17:24:27','admin','DELETE FROM locations WHERE loccode=\'UT\''),('2012-02-10 17:24:46','admin','DELETE FROM locstock WHERE loccode =\'OP\''),('2012-02-10 17:24:46','admin','DELETE FROM locations WHERE loccode=\'OP\''),('2012-02-10 17:26:34','admin','UPDATE locations SET\n				loccode=\'AT\',\n				locationname=\'Labour ward\',\n				deladd1=\'Plot 6 Makindu Close Kololo\',\n				deladd2=\'P.O. Box 35058\',\n				deladd3=\'Kampala\',\n				deladd4=\'Uganda\',\n				deladd5=\'\',\n				deladd6=\'East Africa\',\n				tel=\'\',\n				fax=\'\',\n				email=\'\',\n				contact=\'\',\n				taxprovinceid = \'1\',\n				managed = \'0\'\n			WHERE loccode = \'AT\''),('2012-02-10 17:27:43','admin','UPDATE locations SET\n				loccode=\'IU\',\n				locationname=\'Main Theatre\',\n				deladd1=\'Kampala Hospital\',\n				deladd2=\'Plot 6 Makindu Close Kololo\',\n				deladd3=\'P.O. Box 35058\',\n				deladd4=\'Kampala\',\n				deladd5=\'Uganda\',\n				deladd6=\'East Africa\',\n				tel=\'\',\n				fax=\'\',\n				email=\'\',\n				contact=\'\',\n				taxprovinceid = \'1\',\n				managed = \'0\'\n			WHERE loccode = \'IU\''),('2012-02-10 17:29:05','admin','UPDATE locations SET\n				loccode=\'KS\',\n				locationname=\'In Patient\',\n				deladd1=\'Kampala Hospital\',\n				deladd2=\'Plot 6 Makindu Close Kololo\',\n				deladd3=\'P.O. Box 35058\',\n				deladd4=\'Kampala\',\n				deladd5=\'Uganda\',\n				deladd6=\'East Africa\',\n				tel=\'+256414255098\',\n				fax=\'+256414344203\',\n				email=\'info@kampalahospital.org\',\n				contact=\'\',\n				taxprovinceid = \'1\',\n				managed = \'0\'\n			WHERE loccode = \'KS\''),('2012-02-10 17:29:56','admin','UPDATE locations SET\n				loccode=\'MS\',\n				locationname=\'Main Store\',\n				deladd1=\'Kampala Hospital\',\n				deladd2=\'Plot 6 Makindu Close Kololo\',\n				deladd3=\'P.O. Box 35058\',\n				deladd4=\'Kampala\',\n				deladd5=\'Uganda\',\n				deladd6=\'East Africa\',\n				tel=\'+256414255098\',\n				fax=\'+256414344203\',\n				email=\'info@kampalahospital.org\',\n				contact=\'\',\n				taxprovinceid = \'1\',\n				managed = \'0\'\n			WHERE loccode = \'MS\''),('2012-02-10 17:30:33','admin','UPDATE locations SET\n				loccode=\'PH\',\n				locationname=\'Pharmacy Store\',\n				deladd1=\'Kampala Hospital\',\n				deladd2=\'Plot 6 Makindu Close Kololo\',\n				deladd3=\'P.O. Box 35058\',\n				deladd4=\'Kampala\',\n				deladd5=\'Uganda\',\n				deladd6=\'East Africa\',\n				tel=\'+256414255098\',\n				fax=\'+256414344203\',\n				email=\'info@kampalahospital.org\',\n				contact=\'\',\n				taxprovinceid = \'1\',\n				managed = \'0\'\n			WHERE loccode = \'PH\''),('2012-02-10 17:31:06','admin','UPDATE locations SET\n				loccode=\'ST\',\n				locationname=\'Surgical Two\',\n				deladd1=\'Kampala Hospital\',\n				deladd2=\'Plot 6 Makindu Close Kololo\',\n				deladd3=\'P.O. Box 35058\',\n				deladd4=\'Kampala\',\n				deladd5=\'Uganda\',\n				deladd6=\'East Africa\',\n				tel=\'+256414255098\',\n				fax=\'+256414344203\',\n				email=\'info@kampalahospital.org\',\n				contact=\'\',\n				taxprovinceid = \'1\',\n				managed = \'0\'\n			WHERE loccode = \'ST\''),('2012-02-10 18:20:03','admin','INSERT INTO chartdetails (accountcode, period)\n					SELECT chartmaster.accountcode, periods.periodno\n					FROM (chartmaster CROSS JOIN periods)\n					LEFT JOIN chartdetails ON chartmaster.accountcode = chartdetails.accountcode\n					AND periods.periodno = chartdetails.period\n					WHERE (periods.periodno BETWEEN \'-23\' AND \'25\')\n					AND chartdetails.accountcode IS NULL'),('2012-02-10 18:20:05','admin','UPDATE gltrans SET posted = 1 WHERE counterindex = \'24\''),('2012-02-10 18:20:05','admin','UPDATE gltrans SET posted = 1 WHERE counterindex = \'44\''),('2012-02-10 18:20:05','admin','UPDATE gltrans SET posted = 1 WHERE counterindex = \'25737\''),('2012-02-10 18:20:05','admin','UPDATE gltrans SET posted = 1 WHERE counterindex = \'19500\''),('2012-02-10 18:20:05','admin','UPDATE gltrans SET posted = 1 WHERE counterindex = \'19504\''),('2012-02-10 18:20:05','admin','UPDATE gltrans SET posted = 1 WHERE counterindex = \'19508\''),('2012-02-10 18:20:05','admin','UPDATE gltrans SET posted = 1 WHERE counterindex = \'19512\''),('2012-02-10 18:20:05','admin','UPDATE gltrans SET posted = 1 WHERE counterindex = \'19516\''),('2012-02-10 18:20:05','admin','UPDATE gltrans SET posted = 1 WHERE counterindex = \'19520\''),('2012-02-10 18:20:05','admin','UPDATE gltrans SET posted = 1 WHERE counterindex = \'19524\''),('2012-02-10 18:20:05','admin','UPDATE gltrans SET posted = 1 WHERE counterindex = \'19528\''),('2012-02-10 18:20:05','admin','UPDATE gltrans SET posted = 1 WHERE counterindex = \'19532\''),('2012-02-10 18:20:05','admin','UPDATE gltrans SET posted = 1 WHERE counterindex = \'19536\''),('2012-02-10 18:20:05','admin','UPDATE gltrans SET posted = 1 WHERE counterindex = \'19546\''),('2012-02-10 18:20:05','admin','UPDATE gltrans SET posted = 1 WHERE counterindex = \'19550\''),('2012-02-10 18:20:05','admin','UPDATE gltrans SET posted = 1 WHERE counterindex = \'19554\''),('2012-02-10 18:20:05','admin','UPDATE gltrans SET posted = 1 WHERE counterindex = \'19560\''),('2012-02-10 18:20:05','admin','UPDATE gltrans SET posted = 1 WHERE counterindex = \'19564\''),('2012-02-10 18:20:05','admin','UPDATE gltrans SET posted = 1 WHERE counterindex = \'19568\''),('2012-02-10 18:20:05','admin','UPDATE gltrans SET posted = 1 WHERE counterindex = \'19574\''),('2012-02-10 18:20:05','admin','UPDATE gltrans SET posted = 1 WHERE counterindex = \'19578\''),('2012-02-10 18:20:05','admin','UPDATE gltrans SET posted = 1 WHERE counterindex = \'19582\''),('2012-02-10 18:20:05','admin','UPDATE gltrans SET posted = 1 WHERE counterindex = \'19586\''),('2012-02-10 18:20:05','admin','UPDATE gltrans SET posted = 1 WHERE counterindex = \'19590\''),('2012-02-10 18:20:05','admin','UPDATE gltrans SET posted = 1 WHERE counterindex = \'19594\''),('2012-02-10 18:20:05','admin','UPDATE gltrans SET posted = 1 WHERE counterindex = \'19598\''),('2012-02-10 18:20:05','admin','UPDATE gltrans SET posted = 1 WHERE counterindex = \'19602\''),('2012-02-10 18:20:05','admin','UPDATE gltrans SET posted = 1 WHERE counterindex = \'19606\''),('2012-02-10 18:20:05','admin','UPDATE gltrans SET posted = 1 WHERE counterindex = \'19612\''),('2012-02-10 18:20:05','admin','UPDATE gltrans SET posted = 1 WHERE counterindex = \'19616\''),('2012-02-10 18:20:05','admin','UPDATE gltrans SET posted = 1 WHERE counterindex = \'19622\''),('2012-02-10 18:20:05','admin','UPDATE gltrans SET posted = 1 WHERE counterindex = \'19626\''),('2012-02-10 18:20:05','admin','UPDATE gltrans SET posted = 1 WHERE counterindex = \'19630\''),('2012-02-10 18:20:05','admin','UPDATE gltrans SET posted = 1 WHERE counterindex = \'19634\''),('2012-02-10 18:20:05','admin','UPDATE gltrans SET posted = 1 WHERE counterindex = \'19638\''),('2012-02-10 18:20:05','admin','UPDATE gltrans SET posted = 1 WHERE counterindex = \'19644\''),('2012-02-10 18:20:05','admin','UPDATE gltrans SET posted = 1 WHERE counterindex = \'19648\''),('2012-02-10 18:20:05','admin','UPDATE gltrans SET posted = 1 WHERE counterindex = \'19652\''),('2012-02-10 18:20:05','admin','UPDATE gltrans SET posted = 1 WHERE counterindex = \'19656\''),('2012-02-10 18:20:05','admin','UPDATE gltrans SET posted = 1 WHERE counterindex = \'19660\''),('2012-02-10 18:20:05','admin','UPDATE gltrans SET posted = 1 WHERE counterindex = \'19664\''),('2012-02-10 18:20:05','admin','UPDATE gltrans SET posted = 1 WHERE counterindex = \'19668\''),('2012-02-10 18:20:05','admin','UPDATE gltrans SET posted = 1 WHERE counterindex = \'19672\''),('2012-02-10 18:20:05','admin','UPDATE gltrans SET posted = 1 WHERE counterindex = \'19676\''),('2012-02-10 18:20:05','admin','UPDATE gltrans SET posted = 1 WHERE counterindex = \'19682\''),('2012-02-10 18:20:05','admin','UPDATE gltrans SET posted = 1 WHERE counterindex = \'19686\''),('2012-02-10 18:20:05','admin','UPDATE gltrans SET posted = 1 WHERE counterindex = \'19692\''),('2012-02-10 18:20:05','admin','UPDATE gltrans SET posted = 1 WHERE counterindex = \'19696\''),('2012-02-10 18:20:05','admin','UPDATE gltrans SET posted = 1 WHERE counterindex = \'19700\''),('2012-02-10 18:20:05','admin','UPDATE gltrans SET posted = 1 WHERE counterindex = \'19704\''),('2012-02-10 18:20:05','admin','UPDATE gltrans SET posted = 1 WHERE counterindex = \'19708\''),('2012-02-10 18:20:06','admin','UPDATE gltrans SET posted = 1 WHERE counterindex = \'19712\''),('2012-02-10 18:20:06','admin','UPDATE gltrans SET posted = 1 WHERE counterindex = \'19716\''),('2012-02-10 18:20:06','admin','UPDATE gltrans SET posted = 1 WHERE counterindex = \'19720\''),('2012-02-10 18:20:06','admin','UPDATE gltrans SET posted = 1 WHERE counterindex = \'19724\''),('2012-02-10 18:20:06','admin','UPDATE gltrans SET posted = 1 WHERE counterindex = \'19728\''),('2012-02-10 18:20:06','admin','UPDATE gltrans SET posted = 1 WHERE counterindex = \'19732\''),('2012-02-10 18:20:06','admin','UPDATE gltrans SET posted = 1 WHERE counterindex = \'19736\''),('2012-02-10 18:20:06','admin','UPDATE gltrans SET posted = 1 WHERE counterindex = \'19740\''),('2012-02-10 18:20:06','admin','UPDATE gltrans SET posted = 1 WHERE counterindex = \'19744\''),('2012-02-10 18:20:06','admin','UPDATE gltrans SET posted = 1 WHERE counterindex = \'19748\''),('2012-02-10 18:20:06','admin','UPDATE gltrans SET posted = 1 WHERE counterindex = \'19752\''),('2012-02-10 18:20:06','admin','UPDATE gltrans SET posted = 1 WHERE counterindex = \'19756\''),('2012-02-10 18:20:06','admin','UPDATE gltrans SET posted = 1 WHERE counterindex = \'19760\''),('2012-02-10 18:20:06','admin','UPDATE gltrans SET posted = 1 WHERE counterindex = \'19764\''),('2012-02-10 18:20:06','admin','UPDATE gltrans SET posted = 1 WHERE counterindex = \'19768\''),('2012-02-10 18:20:06','admin','UPDATE gltrans SET posted = 1 WHERE counterindex = \'19774\''),('2012-02-10 18:20:06','admin','UPDATE gltrans SET posted = 1 WHERE counterindex = \'19778\''),('2012-02-10 18:20:06','admin','UPDATE gltrans SET posted = 1 WHERE counterindex = \'19782\''),('2012-02-10 18:20:06','admin','UPDATE gltrans SET posted = 1 WHERE counterindex = \'19786\''),('2012-02-10 18:20:06','admin','UPDATE gltrans SET posted = 1 WHERE counterindex = \'19790\''),('2012-02-10 18:20:06','admin','UPDATE gltrans SET posted = 1 WHERE counterindex = \'19794\''),('2012-02-10 18:20:06','admin','UPDATE gltrans SET posted = 1 WHERE counterindex = \'19798\''),('2012-02-10 18:20:06','admin','UPDATE gltrans SET posted = 1 WHERE counterindex = \'19802\''),('2012-02-10 18:20:06','admin','UPDATE gltrans SET posted = 1 WHERE counterindex = \'19806\''),('2012-02-10 18:20:06','admin','UPDATE gltrans SET posted = 1 WHERE counterindex = \'19810\''),('2012-02-10 18:20:06','admin','UPDATE gltrans SET posted = 1 WHERE counterindex = \'19814\''),('2012-02-10 18:20:06','admin','UPDATE gltrans SET posted = 1 WHERE counterindex = \'19818\''),('2012-02-10 18:20:06','admin','UPDATE gltrans SET posted = 1 WHERE counterindex = \'19822\''),('2012-02-10 18:20:06','admin','UPDATE gltrans SET posted = 1 WHERE counterindex = \'19826\''),('2012-02-10 18:20:06','admin','UPDATE gltrans SET posted = 1 WHERE counterindex = \'19830\''),('2012-02-10 18:20:06','admin','UPDATE gltrans SET posted = 1 WHERE counterindex = \'19834\''),('2012-02-10 18:20:06','admin','UPDATE gltrans SET posted = 1 WHERE counterindex = \'19838\''),('2012-02-10 18:20:06','admin','UPDATE gltrans SET posted = 1 WHERE counterindex = \'19842\''),('2012-02-10 18:20:06','admin','UPDATE gltrans SET posted = 1 WHERE counterindex = \'19846\''),('2012-02-10 18:20:06','admin','UPDATE gltrans SET posted = 1 WHERE counterindex = \'19850\''),('2012-02-10 18:20:06','admin','UPDATE gltrans SET posted = 1 WHERE counterindex = \'19854\''),('2012-02-10 18:20:06','admin','UPDATE gltrans SET posted = 1 WHERE counterindex = \'19858\''),('2012-02-10 18:20:06','admin','UPDATE gltrans SET posted = 1 WHERE counterindex = \'19862\''),('2012-02-10 18:20:06','admin','UPDATE gltrans SET posted = 1 WHERE counterindex = \'19866\''),('2012-02-10 18:20:06','admin','UPDATE gltrans SET posted = 1 WHERE counterindex = \'19870\''),('2012-02-10 18:20:06','admin','UPDATE gltrans SET posted = 1 WHERE counterindex = \'19874\''),('2012-02-10 18:20:06','admin','UPDATE gltrans SET posted = 1 WHERE counterindex = \'19878\''),('2012-02-10 18:20:06','admin','UPDATE gltrans SET posted = 1 WHERE counterindex = \'19882\''),('2012-02-10 18:20:06','admin','UPDATE gltrans SET posted = 1 WHERE counterindex = \'19886\''),('2012-02-10 18:20:06','admin','UPDATE gltrans SET posted = 1 WHERE counterindex = \'19890\''),('2012-02-10 18:20:06','admin','UPDATE gltrans SET posted = 1 WHERE counterindex = \'19894\''),('2012-02-10 18:20:06','admin','UPDATE gltrans SET posted = 1 WHERE counterindex = \'19900\''),('2012-02-10 18:20:06','admin','UPDATE gltrans SET posted = 1 WHERE counterindex = \'19904\''),('2012-02-10 18:20:06','admin','UPDATE gltrans SET posted = 1 WHERE counterindex = \'19908\''),('2012-02-10 18:20:06','admin','UPDATE gltrans SET posted = 1 WHERE counterindex = \'19912\''),('2012-02-10 18:20:06','admin','UPDATE gltrans SET posted = 1 WHERE counterindex = \'19916\''),('2012-02-10 18:20:06','admin','UPDATE gltrans SET posted = 1 WHERE counterindex = \'19920\''),('2012-02-10 18:20:06','admin','UPDATE gltrans SET posted = 1 WHERE counterindex = \'19924\''),('2012-02-10 18:20:06','admin','UPDATE gltrans SET posted = 1 WHERE counterindex = \'19928\''),('2012-02-10 18:20:06','admin','UPDATE gltrans SET posted = 1 WHERE counterindex = \'19932\''),('2012-02-10 18:20:06','admin','UPDATE gltrans SET posted = 1 WHERE counterindex = \'19936\''),('2012-02-10 18:20:06','admin','UPDATE gltrans SET posted = 1 WHERE counterindex = \'19940\''),('2012-02-10 18:20:06','admin','UPDATE gltrans SET posted = 1 WHERE counterindex = \'19944\''),('2012-02-10 18:20:06','admin','UPDATE gltrans SET posted = 1 WHERE counterindex = \'19948\''),('2012-02-10 18:20:06','admin','UPDATE gltrans SET posted = 1 WHERE counterindex = \'19952\''),('2012-02-10 18:20:06','admin','UPDATE gltrans SET posted = 1 WHERE counterindex = \'19956\''),('2012-02-10 18:20:06','admin','UPDATE gltrans SET posted = 1 WHERE counterindex = \'19960\''),('2012-02-10 18:20:06','admin','UPDATE gltrans SET posted = 1 WHERE counterindex = \'19966\''),('2012-02-10 18:20:06','admin','UPDATE gltrans SET posted = 1 WHERE counterindex = \'19970\''),('2012-02-10 18:20:06','admin','UPDATE gltrans SET posted = 1 WHERE counterindex = \'19974\''),('2012-02-10 18:20:06','admin','UPDATE gltrans SET posted = 1 WHERE counterindex = \'19978\''),('2012-02-10 18:20:06','admin','UPDATE gltrans SET posted = 1 WHERE counterindex = \'19982\''),('2012-02-10 18:20:06','admin','UPDATE gltrans SET posted = 1 WHERE counterindex = \'19986\''),('2012-02-10 18:20:06','admin','UPDATE gltrans SET posted = 1 WHERE counterindex = \'19990\''),('2012-02-10 18:20:06','admin','UPDATE gltrans SET posted = 1 WHERE counterindex = \'19996\''),('2012-02-10 18:20:06','admin','UPDATE gltrans SET posted = 1 WHERE counterindex = \'20002\''),('2012-02-10 18:20:06','admin','UPDATE gltrans SET posted = 1 WHERE counterindex = \'20006\''),('2012-02-10 18:20:06','admin','UPDATE gltrans SET posted = 1 WHERE counterindex = \'20010\''),('2012-02-10 18:20:06','admin','UPDATE gltrans SET posted = 1 WHERE counterindex = \'20014\''),('2012-02-10 18:20:06','admin','UPDATE gltrans SET posted = 1 WHERE counterindex = \'20018\''),('2012-02-10 18:20:06','admin','UPDATE gltrans SET posted = 1 WHERE counterindex = \'20022\''),('2012-02-10 18:20:06','admin','UPDATE gltrans SET posted = 1 WHERE counterindex = \'20026\''),('2012-02-10 18:20:06','admin','UPDATE gltrans SET posted = 1 WHERE counterindex = \'20030\''),('2012-02-10 18:20:06','admin','UPDATE gltrans SET posted = 1 WHERE counterindex = \'20034\''),('2012-02-10 18:20:06','admin','UPDATE gltrans SET posted = 1 WHERE counterindex = \'20038\''),('2012-02-10 18:20:06','admin','UPDATE gltrans SET posted = 1 WHERE counterindex = \'20042\''),('2012-02-10 18:20:06','admin','UPDATE gltrans SET posted = 1 WHERE counterindex = \'20046\''),('2012-02-10 18:20:06','admin','UPDATE gltrans SET posted = 1 WHERE counterindex = \'20050\''),('2012-02-10 18:20:06','admin','UPDATE gltrans SET posted = 1 WHERE counterindex = \'20054\''),('2012-02-10 18:20:06','admin','UPDATE gltrans SET posted = 1 WHERE counterindex = \'20058\''),('2012-02-10 18:20:06','admin','UPDATE gltrans SET posted = 1 WHERE counterindex = \'20062\''),('2012-02-10 18:20:06','admin','UPDATE gltrans SET posted = 1 WHERE counterindex = \'20066\''),('2012-02-10 18:20:06','admin','UPDATE gltrans SET posted = 1 WHERE counterindex = \'20070\''),('2012-02-10 18:20:06','admin','UPDATE gltrans SET posted = 1 WHERE counterindex = \'20074\''),('2012-02-10 18:20:06','admin','UPDATE gltrans SET posted = 1 WHERE counterindex = \'20078\''),('2012-02-10 18:20:06','admin','UPDATE gltrans SET posted = 1 WHERE counterindex = \'20082\''),('2012-02-10 18:20:06','admin','UPDATE gltrans SET posted = 1 WHERE counterindex = \'20086\''),('2012-02-10 18:20:06','admin','UPDATE gltrans SET posted = 1 WHERE counterindex = \'20090\''),('2012-02-10 18:20:06','admin','UPDATE gltrans SET posted = 1 WHERE counterindex = \'20094\''),('2012-02-10 18:20:07','admin','UPDATE gltrans SET posted = 1 WHERE counterindex = \'20098\''),('2012-02-10 18:20:07','admin','UPDATE gltrans SET posted = 1 WHERE counterindex = \'20102\''),('2012-02-10 18:20:07','admin','UPDATE gltrans SET posted = 1 WHERE counterindex = \'20110\''),('2012-02-10 18:20:07','admin','UPDATE gltrans SET posted = 1 WHERE counterindex = \'20114\''),('2012-02-10 18:20:07','admin','UPDATE gltrans SET posted = 1 WHERE counterindex = \'20789\''),('2012-02-10 18:20:07','admin','UPDATE gltrans SET posted = 1 WHERE counterindex = \'25316\''),('2012-02-10 18:20:07','admin','UPDATE gltrans SET posted = 1 WHERE counterindex = \'25321\''),('2012-02-10 18:20:07','admin','UPDATE gltrans SET posted = 1 WHERE counterindex = \'29394\''),('2012-02-10 18:20:07','admin','UPDATE gltrans SET posted = 1 WHERE counterindex = \'29668\''),('2012-02-10 18:20:07','admin','UPDATE gltrans SET posted = 1 WHERE counterindex = \'29684\''),('2012-02-10 18:20:07','admin','UPDATE gltrans SET posted = 1 WHERE counterindex = \'29688\''),('2012-02-10 18:20:07','admin','UPDATE gltrans SET posted = 1 WHERE counterindex = \'29760\''),('2012-02-10 18:20:07','admin','UPDATE gltrans SET posted = 1 WHERE counterindex = \'29784\''),('2012-02-10 18:20:07','admin','UPDATE gltrans SET posted = 1 WHERE counterindex = \'29819\''),('2012-02-10 18:20:07','admin','UPDATE gltrans SET posted = 1 WHERE counterindex = \'29840\''),('2012-02-10 18:20:07','admin','UPDATE gltrans SET posted = 1 WHERE counterindex = \'29941\''),('2012-02-10 18:20:07','admin','UPDATE gltrans SET posted = 1 WHERE counterindex = \'29945\''),('2012-02-10 18:20:07','admin','UPDATE gltrans SET posted = 1 WHERE counterindex = \'29953\''),('2012-02-10 18:20:07','admin','UPDATE gltrans SET posted = 1 WHERE counterindex = \'30021\''),('2012-02-10 18:20:07','admin','UPDATE gltrans SET posted = 1 WHERE counterindex = \'30037\''),('2012-02-10 18:20:07','admin','UPDATE gltrans SET posted = 1 WHERE counterindex = \'30041\''),('2012-02-10 18:20:07','admin','UPDATE gltrans SET posted = 1 WHERE counterindex = \'30049\''),('2012-02-10 18:20:07','admin','UPDATE gltrans SET posted = 1 WHERE counterindex = \'30057\''),('2012-02-10 18:20:07','admin','UPDATE gltrans SET posted = 1 WHERE counterindex = \'30073\''),('2012-02-10 18:20:07','admin','UPDATE gltrans SET posted = 1 WHERE counterindex = \'30093\''),('2012-02-10 18:20:07','admin','UPDATE gltrans SET posted = 1 WHERE counterindex = \'30097\''),('2012-02-10 18:20:07','admin','UPDATE gltrans SET posted = 1 WHERE counterindex = \'30125\''),('2012-02-10 18:20:07','admin','UPDATE gltrans SET posted = 1 WHERE counterindex = \'30135\''),('2012-02-10 18:20:07','admin','UPDATE gltrans SET posted = 1 WHERE counterindex = \'30171\''),('2012-02-10 18:20:07','admin','UPDATE gltrans SET posted = 1 WHERE counterindex = \'30183\''),('2012-02-10 18:20:07','admin','UPDATE gltrans SET posted = 1 WHERE counterindex = \'30191\''),('2012-02-10 18:20:07','admin','UPDATE gltrans SET posted = 1 WHERE counterindex = \'30201\''),('2012-02-10 18:20:07','admin','UPDATE gltrans SET posted = 1 WHERE counterindex = \'30279\''),('2012-02-10 18:20:07','admin','UPDATE gltrans SET posted = 1 WHERE counterindex = \'30289\''),('2012-02-10 18:20:07','admin','UPDATE gltrans SET posted = 1 WHERE counterindex = \'30293\''),('2012-02-10 18:20:07','admin','UPDATE gltrans SET posted = 1 WHERE counterindex = \'30411\''),('2012-02-10 18:20:07','admin','UPDATE gltrans SET posted = 1 WHERE counterindex = \'30419\''),('2012-02-10 18:20:07','admin','UPDATE gltrans SET posted = 1 WHERE counterindex = \'30427\''),('2012-02-10 18:20:07','admin','UPDATE gltrans SET posted = 1 WHERE counterindex = \'30431\''),('2012-02-10 18:20:07','admin','UPDATE gltrans SET posted = 1 WHERE counterindex = \'30447\''),('2012-02-10 18:20:07','admin','UPDATE gltrans SET posted = 1 WHERE counterindex = \'30471\''),('2012-02-10 18:20:07','admin','UPDATE gltrans SET posted = 1 WHERE counterindex = \'30487\''),('2012-02-10 18:20:07','admin','UPDATE gltrans SET posted = 1 WHERE counterindex = \'30491\''),('2012-02-10 18:20:07','admin','UPDATE gltrans SET posted = 1 WHERE counterindex = \'30503\''),('2012-02-10 18:20:07','admin','UPDATE gltrans SET posted = 1 WHERE counterindex = \'30507\''),('2012-02-10 18:20:07','admin','UPDATE gltrans SET posted = 1 WHERE counterindex = \'30515\''),('2012-02-10 18:20:07','admin','UPDATE gltrans SET posted = 1 WHERE counterindex = \'30519\''),('2012-02-10 18:20:07','admin','UPDATE gltrans SET posted = 1 WHERE counterindex = \'30523\''),('2012-02-10 18:20:07','admin','UPDATE gltrans SET posted = 1 WHERE counterindex = \'30531\''),('2012-02-10 18:20:07','admin','UPDATE gltrans SET posted = 1 WHERE counterindex = \'30535\''),('2012-02-10 18:20:07','admin','UPDATE gltrans SET posted = 1 WHERE counterindex = \'30539\''),('2012-02-10 18:20:07','admin','UPDATE gltrans SET posted = 1 WHERE counterindex = \'30547\''),('2012-02-10 18:20:07','admin','UPDATE gltrans SET posted = 1 WHERE counterindex = \'30551\''),('2012-02-10 18:20:07','admin','UPDATE gltrans SET posted = 1 WHERE counterindex = \'30557\''),('2012-02-10 18:20:07','admin','UPDATE gltrans SET posted = 1 WHERE counterindex = \'30567\''),('2012-02-10 18:20:07','admin','UPDATE gltrans SET posted = 1 WHERE counterindex = \'30575\''),('2012-02-10 18:20:07','admin','UPDATE gltrans SET posted = 1 WHERE counterindex = \'30583\''),('2012-02-10 18:20:07','admin','UPDATE gltrans SET posted = 1 WHERE counterindex = \'30591\''),('2012-02-10 18:20:07','admin','UPDATE gltrans SET posted = 1 WHERE counterindex = \'30595\''),('2012-02-10 18:20:07','admin','UPDATE gltrans SET posted = 1 WHERE counterindex = \'30607\''),('2012-02-10 18:20:07','admin','UPDATE gltrans SET posted = 1 WHERE counterindex = \'30611\''),('2012-02-10 18:20:07','admin','UPDATE gltrans SET posted = 1 WHERE counterindex = \'30615\''),('2012-02-10 18:20:07','admin','UPDATE gltrans SET posted = 1 WHERE counterindex = \'30619\''),('2012-02-10 18:20:07','admin','UPDATE gltrans SET posted = 1 WHERE counterindex = \'30627\''),('2012-02-10 18:20:07','admin','UPDATE gltrans SET posted = 1 WHERE counterindex = \'30635\''),('2012-02-10 18:20:07','admin','UPDATE gltrans SET posted = 1 WHERE counterindex = \'30661\''),('2012-02-10 18:20:07','admin','UPDATE gltrans SET posted = 1 WHERE counterindex = \'30669\''),('2012-02-10 18:20:07','admin','UPDATE gltrans SET posted = 1 WHERE counterindex = \'30677\''),('2012-02-10 18:20:07','admin','UPDATE gltrans SET posted = 1 WHERE counterindex = \'30681\''),('2012-02-10 18:20:07','admin','UPDATE gltrans SET posted = 1 WHERE counterindex = \'30685\''),('2012-02-10 18:20:07','admin','UPDATE gltrans SET posted = 1 WHERE counterindex = \'30689\''),('2012-02-10 18:20:07','admin','UPDATE gltrans SET posted = 1 WHERE counterindex = \'30693\''),('2012-02-10 18:20:07','admin','UPDATE gltrans SET posted = 1 WHERE counterindex = \'30701\''),('2012-02-10 18:20:07','admin','UPDATE gltrans SET posted = 1 WHERE counterindex = \'30709\''),('2012-02-10 18:20:07','admin','UPDATE gltrans SET posted = 1 WHERE counterindex = \'30745\''),('2012-02-10 18:20:07','admin','UPDATE gltrans SET posted = 1 WHERE counterindex = \'30753\''),('2012-02-10 18:20:07','admin','UPDATE gltrans SET posted = 1 WHERE counterindex = \'30765\''),('2012-02-10 18:20:07','admin','UPDATE gltrans SET posted = 1 WHERE counterindex = \'30773\''),('2012-02-10 18:20:07','admin','UPDATE gltrans SET posted = 1 WHERE counterindex = \'30781\''),('2012-02-10 18:20:07','admin','UPDATE gltrans SET posted = 1 WHERE counterindex = \'30787\''),('2012-02-10 18:20:07','admin','UPDATE gltrans SET posted = 1 WHERE counterindex = \'30795\''),('2012-02-10 18:20:07','admin','UPDATE gltrans SET posted = 1 WHERE counterindex = \'30809\''),('2012-02-10 18:20:07','admin','UPDATE gltrans SET posted = 1 WHERE counterindex = \'30881\''),('2012-02-10 18:20:07','admin','UPDATE gltrans SET posted = 1 WHERE counterindex = \'30893\''),('2012-02-10 18:20:07','admin','UPDATE gltrans SET posted = 1 WHERE counterindex = \'30899\''),('2012-02-10 18:20:07','admin','UPDATE gltrans SET posted = 1 WHERE counterindex = \'30911\''),('2012-02-10 18:20:07','admin','UPDATE gltrans SET posted = 1 WHERE counterindex = \'30919\''),('2012-02-10 18:20:07','admin','UPDATE gltrans SET posted = 1 WHERE counterindex = \'30927\''),('2012-02-10 18:20:07','admin','UPDATE gltrans SET posted = 1 WHERE counterindex = \'30937\''),('2012-02-10 18:20:07','admin','UPDATE gltrans SET posted = 1 WHERE counterindex = \'30961\''),('2012-02-10 18:20:07','admin','UPDATE gltrans SET posted = 1 WHERE counterindex = \'30969\''),('2012-02-10 18:20:07','admin','UPDATE gltrans SET posted = 1 WHERE counterindex = \'30973\''),('2012-02-10 18:20:07','admin','UPDATE gltrans SET posted = 1 WHERE counterindex = \'30985\''),('2012-02-10 18:20:07','admin','UPDATE gltrans SET posted = 1 WHERE counterindex = \'30997\''),('2012-02-10 18:20:07','admin','UPDATE gltrans SET posted = 1 WHERE counterindex = \'31005\''),('2012-02-10 18:20:07','admin','UPDATE gltrans SET posted = 1 WHERE counterindex = \'31027\''),('2012-02-10 18:20:07','admin','UPDATE gltrans SET posted = 1 WHERE counterindex = \'31033\''),('2012-02-10 18:20:07','admin','UPDATE gltrans SET posted = 1 WHERE counterindex = \'31041\''),('2012-02-10 18:20:07','admin','UPDATE gltrans SET posted = 1 WHERE counterindex = \'31049\''),('2012-02-10 18:20:07','admin','UPDATE gltrans SET posted = 1 WHERE counterindex = \'31129\''),('2012-02-10 18:20:07','admin','UPDATE gltrans SET posted = 1 WHERE counterindex = \'31409\''),('2012-02-10 18:20:07','admin','UPDATE gltrans SET posted = 1 WHERE counterindex = \'31415\''),('2012-02-10 18:20:07','admin','UPDATE gltrans SET posted = 1 WHERE counterindex = \'31431\''),('2012-02-10 18:20:07','admin','UPDATE gltrans SET posted = 1 WHERE counterindex = \'31435\''),('2012-02-10 18:20:07','admin','UPDATE gltrans SET posted = 1 WHERE counterindex = \'31439\''),('2012-02-10 18:20:07','admin','UPDATE gltrans SET posted = 1 WHERE counterindex = \'31529\''),('2012-02-10 18:20:07','admin','UPDATE gltrans SET posted = 1 WHERE counterindex = \'31533\''),('2012-02-10 18:20:07','admin','UPDATE gltrans SET posted = 1 WHERE counterindex = \'5\''),('2012-02-10 18:20:07','admin','UPDATE gltrans SET posted = 1 WHERE counterindex = \'9\''),('2012-02-10 18:20:07','admin','UPDATE gltrans SET posted = 1 WHERE counterindex = \'13\''),('2012-02-10 18:20:07','admin','UPDATE gltrans SET posted = 1 WHERE counterindex = \'17\''),('2012-02-10 18:20:07','admin','UPDATE gltrans SET posted = 1 WHERE counterindex = \'25\''),('2012-02-10 18:20:07','admin','UPDATE gltrans SET posted = 1 WHERE counterindex = \'29\''),('2012-02-10 18:20:07','admin','UPDATE gltrans SET posted = 1 WHERE counterindex = \'35\''),('2012-02-10 18:20:07','admin','UPDATE gltrans SET posted = 1 WHERE counterindex = \'39\''),('2012-02-10 18:20:07','admin','UPDATE gltrans SET posted = 1 WHERE counterindex = \'45\''),('2012-02-10 18:20:07','admin','UPDATE gltrans SET posted = 1 WHERE counterindex = \'49\''),('2012-02-10 18:20:07','admin','UPDATE gltrans SET posted = 1 WHERE counterindex = \'53\''),('2012-02-10 18:20:07','admin','UPDATE gltrans SET posted = 1 WHERE counterindex = \'57\''),('2012-02-10 18:20:07','admin','UPDATE gltrans SET posted = 1 WHERE counterindex = \'61\''),('2012-02-10 18:20:07','admin','UPDATE gltrans SET posted = 1 WHERE counterindex = \'65\''),('2012-02-10 18:20:07','admin','UPDATE gltrans SET posted = 1 WHERE counterindex = \'69\''),('2012-02-10 18:20:07','admin','UPDATE gltrans SET posted = 1 WHERE counterindex = \'73\''),('2012-02-10 18:20:07','admin','UPDATE gltrans SET posted = 1 WHERE counterindex = \'77\''),('2012-02-10 18:20:07','admin','UPDATE gltrans SET posted = 1 WHERE counterindex = \'81\''),('2012-02-10 18:20:07','admin','UPDATE gltrans SET posted = 1 WHERE counterindex = \'85\''),('2012-02-10 18:20:07','admin','UPDATE gltrans SET posted = 1 WHERE counterindex = \'89\''),('2012-02-10 18:20:07','admin','UPDATE gltrans SET posted = 1 WHERE counterindex = \'93\''),('2012-02-10 18:20:07','admin','UPDATE gltrans SET posted = 1 WHERE counterindex = \'97\''),('2012-02-10 18:20:07','admin','UPDATE gltrans SET posted = 1 WHERE counterindex = \'101\''),('2012-02-10 18:20:07','admin','UPDATE gltrans SET posted = 1 WHERE counterindex = \'105\''),('2012-02-10 18:20:07','admin','UPDATE gltrans SET posted = 1 WHERE counterindex = \'109\''),('2012-02-10 18:20:07','admin','UPDATE gltrans SET posted = 1 WHERE counterindex = \'113\''),('2012-02-10 18:20:07','admin','UPDATE gltrans SET posted = 1 WHERE counterindex = \'117\''),('2012-02-10 18:20:07','admin','UPDATE gltrans SET posted = 1 WHERE counterindex = \'121\''),('2012-02-10 18:20:07','admin','UPDATE gltrans SET posted = 1 WHERE counterindex = \'125\''),('2012-02-10 18:20:07','admin','UPDATE gltrans SET posted = 1 WHERE counterindex = \'129\''),('2012-02-10 18:20:07','admin','UPDATE gltrans SET posted = 1 WHERE counterindex = \'133\''),('2012-02-10 18:20:07','admin','UPDATE gltrans SET posted = 1 WHERE counterindex = \'137\''),('2012-02-10 18:20:07','admin','UPDATE gltrans SET posted = 1 WHERE counterindex = \'141\''),('2012-02-10 18:20:07','admin','UPDATE gltrans SET posted = 1 WHERE counterindex = \'145\''),('2012-02-10 18:20:07','admin','UPDATE gltrans SET posted = 1 WHERE counterindex = \'149\''),('2012-02-10 18:20:07','admin','UPDATE gltrans SET posted = 1 WHERE counterindex = \'153\''),('2012-02-10 18:20:07','admin','UPDATE gltrans SET posted = 1 WHERE counterindex = \'157\''),('2012-02-10 18:20:07','admin','UPDATE gltrans SET posted = 1 WHERE counterindex = \'161\''),('2012-02-10 18:20:07','admin','UPDATE gltrans SET posted = 1 WHERE counterindex = \'165\''),('2012-02-10 18:20:07','admin','UPDATE gltrans SET posted = 1 WHERE counterindex = \'169\''),('2012-02-10 18:20:07','admin','UPDATE gltrans SET posted = 1 WHERE counterindex = \'173\''),('2012-02-10 18:20:07','admin','UPDATE gltrans SET posted = 1 WHERE counterindex = \'177\''),('2012-02-10 18:20:07','admin','UPDATE gltrans SET posted = 1 WHERE counterindex = \'181\''),('2012-02-10 18:20:07','admin','UPDATE gltrans SET posted = 1 WHERE counterindex = \'185\''),('2012-02-10 18:20:07','admin','UPDATE gltrans SET posted = 1 WHERE counterindex = \'189\''),('2012-02-10 18:20:07','admin','UPDATE gltrans SET posted = 1 WHERE counterindex = \'193\''),('2012-02-10 18:20:07','admin','UPDATE gltrans SET posted = 1 WHERE counterindex = \'197\''),('2012-02-10 18:20:07','admin','UPDATE gltrans SET posted = 1 WHERE counterindex = \'201\''),('2012-02-10 18:20:07','admin','UPDATE gltrans SET posted = 1 WHERE counterindex = \'205\''),('2012-02-10 18:20:07','admin','UPDATE gltrans SET posted = 1 WHERE counterindex = \'209\''),('2012-02-10 18:20:07','admin','UPDATE gltrans SET posted = 1 WHERE counterindex = \'213\''),('2012-02-10 18:20:07','admin','UPDATE gltrans SET posted = 1 WHERE counterindex = \'217\''),('2012-02-10 18:20:07','admin','UPDATE gltrans SET posted = 1 WHERE counterindex = \'223\''),('2012-02-10 18:20:07','admin','UPDATE gltrans SET posted = 1 WHERE counterindex = \'227\''),('2012-02-10 18:20:07','admin','UPDATE gltrans SET posted = 1 WHERE counterindex = \'231\''),('2012-02-10 18:20:07','admin','UPDATE gltrans SET posted = 1 WHERE counterindex = \'235\''),('2012-02-10 18:20:07','admin','UPDATE gltrans SET posted = 1 WHERE counterindex = \'239\''),('2012-02-10 18:20:07','admin','UPDATE gltrans SET posted = 1 WHERE counterindex = \'243\''),('2012-02-10 18:20:07','admin','UPDATE gltrans SET posted = 1 WHERE counterindex = \'247\''),('2012-02-10 18:20:07','admin','UPDATE gltrans SET posted = 1 WHERE counterindex = \'251\''),('2012-02-10 18:20:07','admin','UPDATE gltrans SET posted = 1 WHERE counterindex = \'255\''),('2012-02-10 18:20:07','admin','UPDATE gltrans SET posted = 1 WHERE counterindex = \'261\''),('2012-02-10 18:20:07','admin','UPDATE gltrans SET posted = 1 WHERE counterindex = \'265\''),('2012-02-10 18:20:07','admin','UPDATE gltrans SET posted = 1 WHERE counterindex = \'269\''),('2012-02-10 18:20:07','admin','UPDATE gltrans SET posted = 1 WHERE counterindex = \'273\''),('2012-02-10 18:20:07','admin','UPDATE gltrans SET posted = 1 WHERE counterindex = \'277\''),('2012-02-10 18:20:07','admin','UPDATE gltrans SET posted = 1 WHERE counterindex = \'281\''),('2012-02-10 18:20:07','admin','UPDATE gltrans SET posted = 1 WHERE counterindex = \'285\''),('2012-02-10 18:20:07','admin','UPDATE gltrans SET posted = 1 WHERE counterindex = \'289\''),('2012-02-10 18:20:07','admin','UPDATE gltrans SET posted = 1 WHERE counterindex = \'293\''),('2012-02-10 18:20:07','admin','UPDATE gltrans SET posted = 1 WHERE counterindex = \'297\''),('2012-02-10 18:20:07','admin','UPDATE gltrans SET posted = 1 WHERE counterindex = \'301\''),('2012-02-10 18:20:07','admin','UPDATE gltrans SET posted = 1 WHERE counterindex = \'305\''),('2012-02-10 18:20:07','admin','UPDATE gltrans SET posted = 1 WHERE counterindex = \'309\''),('2012-02-10 18:20:07','admin','UPDATE gltrans SET posted = 1 WHERE counterindex = \'313\''),('2012-02-10 18:20:07','admin','UPDATE gltrans SET posted = 1 WHERE counterindex = \'317\''),('2012-02-10 18:20:07','admin','UPDATE gltrans SET posted = 1 WHERE counterindex = \'321\''),('2012-02-10 18:20:07','admin','UPDATE gltrans SET posted = 1 WHERE counterindex = \'325\''),('2012-02-10 18:20:07','admin','UPDATE gltrans SET posted = 1 WHERE counterindex = \'329\''),('2012-02-10 18:20:07','admin','UPDATE gltrans SET posted = 1 WHERE counterindex = \'333\''),('2012-02-10 18:20:07','admin','UPDATE gltrans SET posted = 1 WHERE counterindex = \'337\''),('2012-02-10 18:20:07','admin','UPDATE gltrans SET posted = 1 WHERE counterindex = \'341\''),('2012-02-10 18:20:07','admin','UPDATE gltrans SET posted = 1 WHERE counterindex = \'345\''),('2012-02-10 18:20:07','admin','UPDATE gltrans SET posted = 1 WHERE counterindex = \'349\''),('2012-02-10 18:20:07','admin','UPDATE gltrans SET posted = 1 WHERE counterindex = \'353\''),('2012-02-10 18:20:07','admin','UPDATE gltrans SET posted = 1 WHERE counterindex = \'357\''),('2012-02-10 18:20:07','admin','UPDATE gltrans SET posted = 1 WHERE counterindex = \'361\''),('2012-02-10 18:20:07','admin','UPDATE gltrans SET posted = 1 WHERE counterindex = \'365\''),('2012-02-10 18:20:07','admin','UPDATE gltrans SET posted = 1 WHERE counterindex = \'369\''),('2012-02-10 18:20:07','admin','UPDATE gltrans SET posted = 1 WHERE counterindex = \'373\''),('2012-02-10 18:20:07','admin','UPDATE gltrans SET posted = 1 WHERE counterindex = \'377\''),('2012-02-10 18:20:07','admin','UPDATE gltrans SET posted = 1 WHERE counterindex = \'381\''),('2012-02-10 18:20:07','admin','UPDATE gltrans SET posted = 1 WHERE counterindex = \'385\''),('2012-02-10 18:20:07','admin','UPDATE gltrans SET posted = 1 WHERE counterindex = \'389\''),('2012-02-10 18:20:07','admin','UPDATE gltrans SET posted = 1 WHERE counterindex = \'393\''),('2012-02-10 18:20:07','admin','UPDATE gltrans SET posted = 1 WHERE counterindex = \'397\''),('2012-02-10 18:20:07','admin','UPDATE gltrans SET posted = 1 WHERE counterindex = \'401\''),('2012-02-10 18:20:07','admin','UPDATE gltrans SET posted = 1 WHERE counterindex = \'405\''),('2012-02-10 18:20:07','admin','UPDATE gltrans SET posted = 1 WHERE counterindex = \'409\''),('2012-02-10 18:20:07','admin','UPDATE gltrans SET posted = 1 WHERE counterindex = \'413\''),('2012-02-10 18:20:07','admin','UPDATE gltrans SET posted = 1 WHERE counterindex = \'417\''),('2012-02-10 18:20:07','admin','UPDATE gltrans SET posted = 1 WHERE counterindex = \'421\''),('2012-02-10 18:20:07','admin','UPDATE gltrans SET posted = 1 WHERE counterindex = \'425\''),('2012-02-10 18:20:07','admin','UPDATE gltrans SET posted = 1 WHERE counterindex = \'429\''),('2012-02-10 18:20:07','admin','UPDATE gltrans SET posted = 1 WHERE counterindex = \'433\''),('2012-02-10 18:20:07','admin','UPDATE gltrans SET posted = 1 WHERE counterindex = \'437\''),('2012-02-10 18:20:07','admin','UPDATE gltrans SET posted = 1 WHERE counterindex = \'441\''),('2012-02-10 18:20:07','admin','UPDATE gltrans SET posted = 1 WHERE counterindex = \'445\''),('2012-02-10 18:20:07','admin','UPDATE gltrans SET posted = 1 WHERE counterindex = \'449\''),('2012-02-10 18:20:07','admin','UPDATE gltrans SET posted = 1 WHERE counterindex = \'453\''),('2012-02-10 18:20:07','admin','UPDATE gltrans SET posted = 1 WHERE counterindex = \'457\''),('2012-02-10 18:20:07','admin','UPDATE gltrans SET posted = 1 WHERE counterindex = \'461\''),('2012-02-10 18:20:07','admin','UPDATE gltrans SET posted = 1 WHERE counterindex = \'465\''),('2012-02-10 18:20:07','admin','UPDATE gltrans SET posted = 1 WHERE counterindex = \'469\''),('2012-02-10 18:20:07','admin','UPDATE gltrans SET posted = 1 WHERE counterindex = \'473\''),('2012-02-10 18:20:07','admin','UPDATE gltrans SET posted = 1 WHERE counterindex = \'477\''),('2012-02-10 18:20:07','admin','UPDATE gltrans SET posted = 1 WHERE counterindex = \'481\''),('2012-02-10 18:20:07','admin','UPDATE gltrans SET posted = 1 WHERE counterindex = \'485\''),('2012-02-10 18:20:07','admin','UPDATE gltrans SET posted = 1 WHERE counterindex = \'489\''),('2012-02-10 18:20:07','admin','UPDATE gltrans SET posted = 1 WHERE counterindex = \'493\''),('2012-02-10 18:20:07','admin','UPDATE gltrans SET posted = 1 WHERE counterindex = \'497\''),('2012-02-10 18:20:07','admin','UPDATE gltrans SET posted = 1 WHERE counterindex = \'501\''),('2012-02-10 18:20:07','admin','UPDATE gltrans SET posted = 1 WHERE counterindex = \'505\''),('2012-02-10 18:20:07','admin','UPDATE gltrans SET posted = 1 WHERE counterindex = \'509\''),('2012-02-10 18:20:07','admin','UPDATE gltrans SET posted = 1 WHERE counterindex = \'513\''),('2012-02-10 18:20:07','admin','UPDATE gltrans SET posted = 1 WHERE counterindex = \'517\''),('2012-02-10 18:20:07','admin','UPDATE gltrans SET posted = 1 WHERE counterindex = \'521\''),('2012-02-10 18:20:07','admin','UPDATE gltrans SET posted = 1 WHERE counterindex = \'525\''),('2012-02-10 18:20:07','admin','UPDATE gltrans SET posted = 1 WHERE counterindex = \'529\''),('2012-02-10 18:20:07','admin','UPDATE gltrans SET posted = 1 WHERE counterindex = \'533\''),('2012-02-10 18:20:07','admin','UPDATE gltrans SET posted = 1 WHERE counterindex = \'537\''),('2012-02-10 18:20:07','admin','UPDATE gltrans SET posted = 1 WHERE counterindex = \'541\''),('2012-02-10 18:20:07','admin','UPDATE